{
  "videos": [
    {
      "titulo": "HACKERS CONTAM COMO ENGANAM VÍTIMAS DO GOLPE DO PIX; SAIBA COMO SE PROTEGER",
      "descricao": "VÍDEO - BBC NEWS",
      "data": null,
      "url": "https://www.youtube.com/embed/JEP9pmN2GEM?si=sfGveVhk65rev92x"
    },
    {
      "titulo": "GOLPES DIGITAIS: INVASÃO DE REDES SOCIAIS É CADA VEZ MAIS COMUM",
      "descricao": "VÍDEO - TV BRASIL",
      "data": null,
      "url": "https://www.youtube.com/embed/G-3jkrjjP7Q?si=USsjIZwpfmO5WcT7"
    },
    {
      "titulo": "FRAUDES DIGITAIS CRESCERAM 45% EM 2024",
      "descricao": "VÍDEO - JORNALISMO TV CULTURA",
      "data": null,
      "url": "https://www.youtube.com/embed/NkI6j5FeCLY?si=OYxmkRXuSprpwRGM"
    },
    {
      "titulo": "GOLPES VIRTUAIS ATINGEM UM QUARTO DA POPULAÇÃO BRASILEIRA, REVELA PESQUISA",
      "descricao": "VÍDEO - JORNALISMO TV CULTURA",
      "data": null,
      "url": "https://www.youtube.com/embed/ab6Aw6UDPQY?si=WVEK0HrOz6pnP7Rv"
    },
    {
      "titulo": "JR Dinheiro: Número de golpes digitais aumenta no Brasil; jovens e idosos são as principais vítimas",
      "descricao": "VÍDEO - JORNAL DA RECORD",
      "data": null,
      "url": "https://www.youtube.com/embed/8uZN5U06s6o?si=hd9O2dNKNDpKotbi"
    }
  ]
}
