[
  {
    "username": "joaolucasl",
    "text": "Ótima ferramenta",
    "timestamp": "2025-05-20 02:12"
  },
  {
    "username": "Maria",
    "text": "Funcionou perfeitamente!!",
    "timestamp": "2025-05-20 02:13"
  },
  {
    "username": "Fernando",
    "text": "Foi bastante útil para mim",
    "timestamp": "2025-05-20 02:36"
  },
  {
    "username": "Adilson",
    "text": "Continuem assim",
    "timestamp": "2025-05-20 02:39"
  },
  {
    "username": "Gustavo",
    "text": "Estou tendo algumas dificuldades",
    "timestamp": "2025-05-20 02:55"
  }
]